SE,Navigate
Secondary Energy|Electricity,Secondary Energy|Electricity
Secondary Energy|Electricity|Biomass,Secondary Energy|Electricity|Biomass
Secondary Energy|Electricity|Coal,Secondary Energy|Electricity|Coal
Secondary Energy|Electricity|Gas,Secondary Energy|Electricity|Gas
Secondary Energy|Electricity|Hydro,Secondary Energy|Electricity|Hydro
Secondary Energy|Electricity|Nuclear,Secondary Energy|Electricity|Nuclear
Secondary Energy|Electricity|Oil,Secondary Energy|Electricity|Oil
Secondary Energy|Electricity|Solar,Secondary Energy|Electricity|Solar
Secondary Energy|Electricity|Wind,Secondary Energy|Electricity|Wind
Secondary Energy|Electricity|Wind Offshore,Secondary Energy|Electricity|Wind|Offshore
Secondary Energy|Electricity|Geothermal,Secondary Energy|Electricity|Geothermal
